X,Y,Z
0.8250406980514526,0.7145817279815674,0.6265796422958374
0.5694568157196045,0.5085463523864746,0.6677080392837524
0.6574446558952332,0.6521856784820557,0.64873206615448
0.7465531826019287,0.728915810585022,0.7235187888145447
0.7189896106719971,0.8271431922912598,0.8074294924736023
0.8011437654495239,0.7968197464942932,0.9059731960296632
0.8932546377182007,0.8832983374595642,0.8761860132217407
1.0307157039642334,1.018611192703247,0.9311109185218812
0.8396060466766357,0.7611215114593506,0.7491278648376465
0.5748465657234192,0.4675264954566955,0.3800477385520935
0.7257620096206665,0.5275660157203674,0.4016788005828857
0.2967036366462707,0.7333794832229614,0.535007894039154
0.4110517203807831,0.3094196915626526,0.7602918744087219
0.6062684059143066,0.5040237903594971,0.4168338179588318
7.306863381018047e-07,-0.0463558323681354,-0.0869119465351104
-0.1217511892318725,-0.1581884175539016,-0.0866281241178512
-0.130477175116539,-0.1587621867656707,-0.1771429926156997
-0.0914558619260788,-0.1296795606613159,-0.1575284302234649
-0.1758137345314026,-0.0981754288077354,-0.1320438683032989
-0.1556874066591262,-0.1699446439743042,-0.1067312732338905
-0.1371643841266632,-0.1507857590913772,-0.1564550697803497
0.823613166809082,0.6853280663490295,0.5781483054161072
0.5085731744766235,0.435092568397522,0.6345359086990356
0.6134998798370361,0.6076170206069946,0.6070811748504639
0.7279399037361145,0.7066192626953125,0.6952406167984009
0.687474250793457,0.8161870241165161,0.79975825548172
0.7845017313957214,0.7757062911987305,0.9129354953765868
0.9151354432106018,0.9064545035362244,0.8917417526245117
0.8873701095581055,0.8955857753753662,0.7918710112571716
0.6732733249664307,0.5997113585472107,0.5322524905204773
0.3447450399398803,0.225434735417366,0.1247004568576812
0.4823090732097626,0.2623047828674316,0.1277970075607299
0.0166559219360351,0.4834780991077423,0.2653048932552337
0.140059232711792,0.0344521403312683,0.513542652130127
0.3353205919265747,0.2259027808904647,0.1268226206302642
9.615965836928808e-07,-0.0709048137068748,-0.1023411452770233
-0.1243351995944976,-0.1449397802352905,-0.0596850365400314
-0.1019793599843978,-0.1371899396181106,-0.1620590537786483
-0.0563231632113456,-0.0902694761753082,-0.1201285943388938
-0.1430595964193344,-0.0621499717235565,-0.1042250767350196
-0.1253825277090072,-0.1379616409540176,-0.0736218243837356
-0.112964890897274,-0.1244929581880569,-0.1298762708902359
0.9745852947235109,0.8173477053642273,0.6945956945419312
0.6430719494819641,0.6008009910583496,0.7375394701957703
0.7114279866218567,0.7017496824264526,0.6967175602912903
0.8217477798461914,0.7892578840255737,0.7730029821395874
0.7630284428596497,0.9010058641433716,0.8786640167236328
0.8661378622055054,0.8609451055526733,0.9858666658401488
0.9710034132003784,0.9630283117294312,0.9577460885047911
0.8911246657371521,0.8991004228591919,0.771569550037384
0.6078884601593018,0.4707674384117126,0.4790963232517242
0.2823699116706848,0.1588309407234192,0.0582991242408752
0.4270330369472503,0.2225680351257324,0.0975360572338104
-0.0035279393196105,0.4149551689624786,0.2147768437862396
0.095069944858551,-0.0063850283622741,0.4302528500556946
0.2659675776958465,0.1631773114204406,0.0667738914489746
8.787635010776285e-07,-0.0819824039936065,-0.1067845299839973
-0.1195291057229042,-0.1252875626087188,-0.0332486070692539
-0.0581325069069862,-0.0834535956382751,-0.1020067036151886
-0.0151127716526389,-0.0278909746557474,-0.0458483025431633
-0.059993777424097,-0.0089999884366989,-0.0272970013320446
-0.0405533611774444,-0.0501548275351524,-0.0117299351841211
-0.0327081345021724,-0.040099736303091,-0.0431131049990654
0.9221779704093932,0.76337069272995,0.6411314606666565
0.5917729139328003,0.5435712337493896,0.6733825206756592
0.641649067401886,0.6331237554550171,0.6285598278045654
0.749461829662323,0.7070205807685852,0.6828481554985046
0.6641103029251099,0.8268955945968628,0.7954832911491394
0.7768668532371521,0.7615891098976135,0.9195275902748108
0.9006075859069824,0.8800586462020874,0.8570773005485535
0.9022213220596312,0.8995034694671631,0.7808480262756348
0.6180809736251831,0.4865371882915497,0.4864968955516815
0.3095241189002991,0.2023551762104034,0.1075331270694732
0.4347931742668152,0.247244119644165,0.1368933916091919
0.05025115609169,0.4231032431125641,0.2373429536819458
0.127885103225708,0.037201851606369,0.4392589330673218
0.279457688331604,0.1817136108875274,0.0925003588199615
8.727184876988758e-07,-0.0594161674380302,-0.0781959146261215
-0.0914933085441589,-0.0984783843159675,-0.0020333221182227
-0.0238442402333021,-0.0520339831709861,-0.0745536759495735
0.0018702816450968,-0.0081885503605008,-0.028429664671421
-0.0473746806383132,-0.0063337818719446,-0.0205201916396617
-0.0323361307382583,-0.0443096011877059,-0.0229343585669994
-0.0420936606824398,-0.0501151420176029,-0.0560194551944732
0.8787257075309753,0.7284115552902222,0.6144632697105408
0.5648906230926514,0.5176759958267212,0.64863121509552
0.6123278737068176,0.5993359684944153,0.5911493897438049
0.7234334349632263,0.6799215078353882,0.6589698791503906
0.6413065195083618,0.798429012298584,0.7610364556312561
0.7417977452278137,0.7268772125244141,0.8874174952507019
0.8565425276756287,0.8370959162712097,0.8191185593605042
0.9256019592285156,0.9019311666488647,0.7772650718688965
0.6225100159645081,0.4977676272392273,0.4870266616344452
0.3163317441940307,0.2142908275127411,0.1236056983470916
0.4402456283569336,0.2549765110015869,0.1497860550880432
0.0632639527320861,0.4312396347522735,0.2474495470523834
0.1393521726131439,0.0466111004352569,0.4474366307258606
0.2929005920886993,0.1989713311195373,0.1115996539592742
7.540904221059463e-07,-0.051134243607521,-0.0694488212466239
-0.0843844935297966,-0.0940744280815124,0.0083080120384693
-0.0138387326151132,-0.0429752059280872,-0.065956600010395
0.0070315138436853,-0.0027525755576789,-0.0231717843562364
-0.0415652692317962,-0.0058112097904086,-0.018252607434988
-0.0261532850563526,-0.0353178568184375,-0.0265388097614049
-0.0405064933001995,-0.0414021909236907,-0.0423614755272865
0.8411982655525208,0.6939383745193481,0.572638750076294
0.5251603722572327,0.4877739250659942,0.6082714200019836
0.5757861137390137,0.5654972195625305,0.5574191808700562
0.6748470664024353,0.6360911130905151,0.6182335615158081
0.6037507057189941,0.7433740496635437,0.7116219401359558
0.6923274993896484,0.673085629940033,0.8272284865379333
0.807205080986023,0.7901008725166321,0.7698604464530945
0.9356576204299928,0.9198708534240724,0.8046784400939941
0.6534850001335144,0.5284841060638428,0.5175530910491943
0.3494818210601806,0.2481589615345001,0.1582555174827575
0.4672198593616485,0.2831447124481201,0.1784030199050903
0.0936959087848663,0.4552422761917114,0.268795371055603
0.1573643088340759,0.0603516995906829,0.4714096486568451
0.3176780343055725,0.2233859300613403,0.1380158364772796
6.088478130550357e-07,-0.0464235506951808,-0.0617300756275653
-0.0749003589153289,-0.0834890678524971,0.0046124337241053
-0.0193466767668724,-0.0488529317080974,-0.0731199607253074
0.0006178219919092,-0.0142046129330992,-0.0368675030767917
-0.0573243461549282,-0.0144812697544693,-0.0327763445675373
-0.0484420359134674,-0.063410185277462,-0.0365660451352596
-0.0573130287230014,-0.0667817369103431,-0.0747019723057746
0.7525807619094849,0.6114897131919861,0.5022093057632446
0.4606127142906189,0.432130217552185,0.5402686595916748
0.5077037811279297,0.4903141260147095,0.4736494123935699
0.6027549505233765,0.5670415759086609,0.5490962266921997
0.5329739451408386,0.6666683554649353,0.6333323121070862
0.6118485927581787,0.5897294282913208,0.7453232407569885
0.7165342569351196,0.6961784362792969,0.6736000776290894
0.954647660255432,0.931312084197998,0.8275564908981323
0.6829895973205566,0.5677191615104675,0.5467143654823303
0.3911904692649841,0.2970043420791626,0.2098542153835296
0.497637540102005,0.3150143027305603,0.2077575922012329
0.1147983074188232,0.4874182343482971,0.3095071315765381
0.2030196189880371,0.1053828597068786,0.505316972732544
0.3565744459629059,0.2673991918563843,0.1824625134468078
6.500379186036298e-07,-0.042983453720808,-0.0569364130496978
-0.0702233612537384,-0.080889493227005,0.0118655310943722
-0.0117557914927601,-0.0434378646314144,-0.0697566568851471
0.0052425675094127,-0.0093182455748319,-0.0339110232889652
-0.0563154369592666,-0.0125345336273312,-0.0307912174612283
-0.0470462441444397,-0.0625151321291923,-0.0373373329639434
-0.0573077127337455,-0.0656863003969192,-0.0734872743487358
0.6968434453010559,0.5618095993995667,0.4632684588432312
0.4233462214469909,0.3910838961601257,0.4907147586345672
0.4588708281517029,0.4452621936798095,0.4347674548625946
0.5493457317352295,0.5092621445655823,0.4881832003593445
0.4705677032470703,0.6099662780761719,0.5739171504974365
0.5502229332923889,0.529318630695343,0.6872085332870483
0.6580090522766113,0.6366903781890869,0.6144327521324158
0.954994797706604,0.933881402015686,0.81839919090271
0.6816787123680115,0.5886766314506531,0.5592693090438843
0.4116515517234802,0.3198567926883697,0.23637455701828
0.511675238609314,0.3353464603424072,0.2322264313697815
0.1471684277057647,0.5017383098602295,0.3281551301479339
0.2274951934814453,0.1393970549106598,0.5177631378173828
0.3727219104766845,0.2880043089389801,0.2078491151332855
4.402565423333727e-07,-0.0192652866244316,-0.015510001219809
-0.0151802022010087,-0.0128778358921408,0.0459355153143405
0.0371722616255283,0.0154456831514835,-0.0046320999972522
0.0323974192142486,0.0290326811373233,0.0108547816053032
-0.006624262779951,0.009113036096096,-0.0016830806853249
-0.0147481691092252,-0.027917755767703,-0.0194243248552083
-0.0348484814167022,-0.0416854284703731,-0.0485167056322097
0.6874986290931702,0.552036464214325,0.454566091299057
0.411315381526947,0.372032880783081,0.4790678024291992
0.4459223747253418,0.4297711253166199,0.4173418283462524
0.5381100177764893,0.4950100779533386,0.4727165699005127
0.4524876773357391,0.5980684161186218,0.5596588253974915
0.5347478985786438,0.512291669845581,0.6754651665687561
0.6419036388397217,0.6189976334571838,0.5943757891654968
0.9455439448356628,0.926029086112976,0.8086329102516174
0.6727296710014343,0.581439197063446,0.5588076710700989
0.4100694060325622,0.3158470094203949,0.2298343479633331
0.5115931630134583,0.3371113538742065,0.234416514635086
0.1436537504196167,0.5029308199882507,0.3326485455036163
0.2338069379329681,0.1449850797653198,0.5205972790718079
0.3769403100013733,0.2921006381511688,0.2100588083267212
4.295592077596666e-07,-0.0244472734630107,-0.024234814569354
-0.0259602107107639,-0.0258333347737789,0.0345078371465206
0.0203364193439483,-0.0047876127064228,-0.0267753191292285
0.0222723074257373,0.0136617496609687,-0.0091104935854673
-0.0292997732758522,0.0006685103871859,-0.0141828395426273
-0.0299318134784698,-0.0443039387464523,-0.0261145085096359
-0.0432473383843898,-0.0502089448273181,-0.0568813234567642
0.6926161646842957,0.5567420721054077,0.4602883756160736
0.4176449179649353,0.3770431280136108,0.4819298982620239
0.4492835700511932,0.4301324486732483,0.4126217067241668
0.5432623624801636,0.5007219314575195,0.4769981801509857
0.4538260102272033,0.6039703488349915,0.5652682185173035
0.5397313237190247,0.5148266553878784,0.680233895778656
0.6453675031661987,0.6212824583053589,0.5952624082565308
0.9517933130264282,0.937531352043152,0.8243975043296814
0.6900933384895325,0.5961886048316956,0.566241979598999
0.415691614151001,0.3234918117523193,0.2379051446914672
0.5169554948806763,0.3437339961528778,0.2398163378238678
0.1501092314720153,0.5077072978019714,0.3394789099693298
0.2365988492965698,0.1434702575206756,0.5245463848114014
0.3807758092880249,0.2928101122379303,0.2069100439548492
4.135727920129284e-07,-0.0253646038472652,-0.0258316434919834
-0.0278516672551631,-0.0279069971293211,0.0357073955237865
0.0251943934708833,0.0021210878621786,-0.0192280448973178
0.0228357333689928,0.0173752084374427,-0.0044946516864001
-0.024836441501975,0.0004665043670684,-0.0121006816625595
-0.0283593628555536,-0.0439425967633724,-0.0272293183952569
-0.0440931469202041,-0.0518767982721328,-0.0594457387924194
0.6948094964027405,0.5596184730529785,0.4617286324501037
0.421108216047287,0.3798347115516662,0.4840035140514374
0.4495828449726105,0.4300702214241028,0.413871169090271
0.5445461869239807,0.4993138909339905,0.4751076400279999
0.4529907405376434,0.6049383282661438,0.5645841956138611
0.5385599732398987,0.5134490728378296,0.681832492351532
0.6467158794403076,0.621971845626831,0.5946149230003357
0.9560630321502686,0.9457584023475648,0.8304158449172974
0.6912571787834167,0.5907536149024963,0.5706861019134521
0.4199346899986267,0.3251780569553375,0.2370876967906952
0.5195218324661255,0.344787448644638,0.2379417419433593
0.1440958380699157,0.50984787940979,0.3396223187446594
0.2358357310295105,0.1411508023738861,0.5279442667961121
0.3828140795230865,0.2944251894950866,0.2083307802677154
4.403958655530005e-07,-0.0276099946349859,-0.0298525691032409
-0.0334676951169967,-0.0352490581572055,0.0306912437081336
0.0160465016961097,-0.0098263537511229,-0.0327823795378208
0.0180372223258018,0.009143584407866,-0.0151621829718351
-0.0370391458272933,-0.0041695553809404,-0.0194869507104158
-0.0372332260012626,-0.0535513460636138,-0.0317801460623741
-0.0500447079539299,-0.0583660006523132,-0.0661922693252563
0.6892144680023193,0.5548929572105408,0.4603675007820129
0.422123372554779,0.3841075599193573,0.4855879843235016
0.4522982537746429,0.4336831271648407,0.4180136919021606
0.5464203953742981,0.501795768737793,0.4778705835342407
0.4545559287071228,0.6053699851036072,0.5664849877357483
0.5404093861579895,0.5153010487556458,0.6815840005874634
0.6456493139266968,0.6208871006965637,0.5929392576217651
0.9519904851913452,0.9372925758361816,0.8218940496444702
0.6824691891670227,0.5857087969779968,0.5636563897132874
0.4125617444515228,0.318763256072998,0.2303240597248077
0.514435887336731,0.3402056396007538,0.2356128394603729
0.1420516669750213,0.5068190693855286,0.3379963040351867
0.2354795336723327,0.1410967707633972,0.525520920753479
0.3801095485687256,0.2914898693561554,0.202999860048294
4.1131050920739654e-07,-0.0236719343811273,-0.0231897067278623
-0.0248683542013168,-0.0250544883310794,0.0387407056987285
0.0277100559324026,0.0033483165316283,-0.0194102488458156
0.0245709177106618,0.018309211358428,-0.0057105948217213
-0.0282849203795194,0.0008643729961477,-0.0129214255139231
-0.0304674450308084,-0.047490194439888,-0.0280774384737014
-0.0456686541438102,-0.0542118735611438,-0.0630324631929397
0.6926398277282715,0.5561805963516235,0.4601795971393585
0.4189961850643158,0.3830651938915252,0.4819702804088592
0.4522579312324524,0.4366509616374969,0.4226576685905456
0.5437925457954407,0.5037347674369812,0.4806530177593231
0.4573820829391479,0.6036332845687866,0.5681126713752747
0.5439119935035706,0.5234895348548889,0.6802017092704773
0.6446000933647156,0.6202346086502075,0.5949598550796509
0.9067777395248412,0.9096097946166992,0.8134450316429138
0.6867760419845581,0.5849121809005737,0.5639302730560303
0.4145112633705139,0.3202829658985138,0.2347734272480011
0.512670636177063,0.3447987735271454,0.2355741262435913
0.1454666852951049,0.5044146180152893,0.3381188511848449
0.2312978506088256,0.1371299922466278,0.517956018447876
0.3759688138961792,0.2898613810539245,0.2043037116527557
5.967222591607424e-07,-0.0316300652921199,-0.0371181406080722
-0.0421922169625759,-0.044644396752119,0.0292224176228046
0.0192400105297565,-0.0040508089587092,-0.0254518073052167
0.0196125730872154,0.0141638070344924,-0.0095603950321674
-0.0306957811117172,0.0002490919141564,-0.0145341735333204
-0.0338615477085113,-0.050570074468851,-0.0244423728436231
-0.0435751527547836,-0.0540087446570396,-0.0628467723727226
0.6910765171051025,0.5571983456611633,0.4596250057220459
0.4174119532108307,0.3824776709079742,0.4840876460075378
0.451994389295578,0.4325211346149444,0.4146701693534851
0.5455321669578552,0.5054450631141663,0.4804546236991882
0.4569613039493561,0.6062747240066528,0.5717279314994812
0.5471848845481873,0.5235876441001892,0.6796603202819824
0.6503596305847168,0.6282200813293457,0.603450357913971
0.9360598921775818,0.9273814558982848,0.8168246150016785
0.6823341250419617,0.5865975618362427,0.5663081407546997
0.4187219440937042,0.3269656598567962,0.2427736222743988
0.5163276195526123,0.3471388816833496,0.2417622208595276
0.1538397967815399,0.5068343281745911,0.3404653370380401
0.2349662780761718,0.1422924101352691,0.5226917862892151
0.3792922496795654,0.2898504734039306,0.2032918632030487
5.177501520847727e-07,-0.0258352868258953,-0.0285111460834741
-0.0321001298725605,-0.0338796973228454,0.0275477711111307
0.0159736666828393,-0.0060639637522399,-0.026290163397789
0.0154294744133949,0.0077792312949895,-0.0133948558941483
-0.0325886122882366,-0.0054379315115511,-0.0199795942753553
-0.0359195508062839,-0.0507004670798778,-0.0311955958604812
-0.0493539273738861,-0.057745199650526,-0.0653440728783607
0.6883077621459961,0.5570526719093323,0.4612291157245636
0.4196692705154419,0.3787422776222229,0.4845714271068573
0.4512840509414673,0.431981474161148,0.4151916205883026
0.5449230670928955,0.5019447207450867,0.4764229953289032
0.4520027339458465,0.6050088405609131,0.5679442286491394
0.5427392721176147,0.51771080493927,0.679805338382721
0.6494535803794861,0.6272894144058228,0.6015017032623291
0.94239342212677,0.9305015802383424,0.8151324391365051
0.6804812550544739,0.585376501083374,0.5635625720024109
0.4166373610496521,0.3247253894805908,0.2380929291248321
0.5148922801017761,0.34578338265419,0.2407992482185363
0.147508829832077,0.5066991448402405,0.339036613702774
0.2348914146423339,0.1401703059673309,0.523580014705658
0.3785570561885834,0.2880237102508545,0.198441743850708
4.586547390772466e-07,-0.0256827790290117,-0.0273948721587657
-0.0306374654173851,-0.0322659388184547,0.0310769751667976
0.017325410619378,-0.0074435025453567,-0.029778879135847
0.0178633015602827,0.008821127936244,-0.0153874494135379
-0.0373265668749809,-0.0046106125228106,-0.0214199442416429
-0.0401731990277767,-0.0570192672312259,-0.0320716798305511
-0.0525915585458278,-0.0628718063235282,-0.0720832794904708
0.6771072149276733,0.5393398404121399,0.443986564874649
0.4003884792327881,0.3636232912540436,0.4739112555980682
0.4388771951198578,0.4180301129817962,0.3999113440513611
0.532471239566803,0.4893885254859924,0.4627200961112976
0.4368179142475128,0.5918611288070679,0.5539915561676025
0.529573380947113,0.5051709413528442,0.6665371656417847
0.6371110677719116,0.6166016459465027,0.5940765738487244
0.948478937149048,0.9292813539505004,0.8174484372138977
0.6881870627403259,0.5920467376708984,0.5756074786186218
0.4273625612258911,0.3346370756626129,0.2491659820079803
0.5271443724632263,0.3553961813449859,0.2491948306560516
0.1558785736560821,0.5157679915428162,0.3483493328094482
0.2443452775478363,0.1499865055084228,0.5280563831329346
0.3851227462291717,0.2958472967147827,0.2088224291801452
4.690689650033164e-07,-0.0246177520602941,-0.0263760574162006
-0.030386459082365,-0.03286624699831,0.0334405377507209
0.0174343511462211,-0.0081589957699179,-0.030452998355031
0.019820250570774,0.0069469870068132,-0.0191426798701286
-0.0411901734769344,-0.0031483648344874,-0.0229528173804283
-0.0429529771208763,-0.05946546792984,-0.0308636706322431
-0.0528421588242054,-0.0632892176508903,-0.0719294846057891
0.6582600474357605,0.5266941785812378,0.4261398315429687
0.3811032474040985,0.3485895693302154,0.4492040276527405
0.4051531851291656,0.3783047497272491,0.357334703207016
0.5128445029258728,0.4723258912563324,0.4490622878074646
0.4283868670463562,0.5769617557525635,0.5482027530670166
0.5283600687980652,0.5074034333229065,0.6509723663330078
0.6435163617134094,0.6369783878326416,0.6262993812561035
0.9529110193252563,0.9340548515319824,0.8273598551750183
0.7022019624710083,0.6054348945617676,0.5898408889770508
0.4456084370613098,0.3553326427936554,0.2714151442050934
0.5400457978248596,0.3732487857341766,0.2684197127819061
0.1767271161079406,0.526118814945221,0.3611642718315124
0.2550650835037231,0.1595396101474762,0.5362865328788757
0.3917733430862427,0.2967579960823059,0.2054140865802765
5.565215133174206e-07,-0.0330753177404403,-0.0412619784474372
-0.0498036742210388,-0.0567884966731071,0.0113981422036886
-0.0100290272384881,-0.0356558002531528,-0.0571318380534648
0.0010519423522055,-0.0174013134092092,-0.0430616661906242
-0.0643036514520645,-0.0185054801404476,-0.0446110591292381
-0.0679069310426712,-0.0858227387070655,-0.0427187643945217
-0.0690680220723152,-0.0832000151276588,-0.0941621661186218
0.6263958811759949,0.4970057606697082,0.3996565341949463
0.3591534495353699,0.3240872025489807,0.4217877089977264
0.3785498142242431,0.3495660424232483,0.3229925632476806
0.4819756150245666,0.4419789612293243,0.4151133894920349
0.3906876742839813,0.5434021353721619,0.510709822177887
0.4861898124217987,0.4608598351478576,0.6148459315299988
0.605583906173706,0.5977170467376709,0.5864384770393372
0.9583199620246888,0.9402194023132324,0.8396602272987366
0.71696937084198,0.6226020455360413,0.6022858023643494
0.4611920714378357,0.3754372298717499,0.2971647083759308
0.5538201332092285,0.3811019361019134,0.2741166949272156
0.1851211190223693,0.5428275465965271,0.3746185302734375
0.2679461240768432,0.1732484996318817,0.5554624199867249
0.4075775146484375,0.3122152984142303,0.2227557897567749
6.158684868751152e-07,-0.031232951208949,-0.0397474318742752
-0.0485612750053405,-0.0560865104198455,0.0069424919784069
-0.0151822939515113,-0.0410748906433582,-0.0619786158204078
-0.0036729287821799,-0.0205686651170253,-0.0440114885568618
-0.0634410306811332,-0.0228829719126224,-0.0465514957904815
-0.0681524351239204,-0.0850117430090904,-0.0466280728578567
-0.0711505264043808,-0.0841428861021995,-0.0941881537437439
0.6231962442398071,0.4919746816158294,0.3953008949756622
0.3538461923599243,0.3135111927986145,0.4195818901062011
0.3722406923770904,0.3409856259822845,0.313748300075531
0.4792779684066772,0.4339877963066101,0.4051664471626282
0.3790169954299927,0.5393075346946716,0.5047860145568848
0.4799701869487762,0.4544224143028259,0.6098095774650574
0.5986332893371582,0.5904642343521118,0.578140139579773
0.956003189086914,0.943719446659088,0.8403615951538086
0.7115652561187744,0.6208171844482422,0.6050099730491638
0.4667196869850158,0.3833948969841003,0.3028813898563385
0.5554215908050537,0.3857941627502441,0.2801355719566345
0.1882464587688446,0.544903039932251,0.380834013223648
0.2754854261875152,0.1803245842456817,0.5583600401878357
0.4135454595088959,0.3177360296249389,0.225324660539627
5.350394758352195e-07,-0.0292430762201547,-0.035825066268444
-0.0430407002568244,-0.0496364794671535,0.0113325025886297
-0.0072248787619173,-0.031686145812273,-0.0529936216771602
-0.0009038752759806,-0.016812665387988,-0.0427658222615718
-0.064851589500904,-0.0213421210646629,-0.044819388538599
-0.0691967159509658,-0.0889844521880149,-0.0459363535046577
-0.0708767548203468,-0.0855268612504005,-0.0976014584302902
0.5995753407478333,0.4704408049583435,0.3731347322463989
0.3333607614040375,0.2944607734680176,0.39624884724617
0.3509176969528198,0.3192874789237976,0.2900955080986023
0.4550799131393432,0.4137389659881592,0.3864216804504394
0.3619387149810791,0.5137178301811218,0.478364497423172
0.4516953527927398,0.425719678401947,0.5814769268035889
0.5688634514808655,0.5576260089874268,0.5440710783004761
0.9623104333877563,0.9511873722076416,0.8493815660476685
0.7250503301620483,0.6362689137458801,0.6131234169006348
0.4769976139068603,0.3948511481285095,0.3177281320095062
0.563263475894928,0.3933734893798828,0.2872523069381714
0.1978691518306732,0.5522633790969849,0.3884691894054413
0.2846440970897674,0.1925797462463379,0.5644716024398804
0.424518883228302,0.330218642950058,0.2410455644130706
5.767283255408984e-07,-0.0324391461908817,-0.0414646491408348
-0.0505757741630077,-0.0588005408644676,0.0052256039343774
-0.0158727709203958,-0.0415881499648094,-0.0632937550544738
-0.0053230607882142,-0.0216841455549001,-0.0457373857498168
-0.0664678514003753,-0.0243484582751989,-0.0464261285960674
-0.0680107921361923,-0.0860831439495086,-0.0481284894049167
-0.0714495554566383,-0.0848426297307014,-0.0961247384548187
0.591819167137146,0.4632806479930877,0.3683740496635437
0.326819896697998,0.2860300838947296,0.3881049156188965
0.3379772305488586,0.3029952943325043,0.2721232175827026
0.4473890364170074,0.4009451270103454,0.3709371387958526
0.3440954685211181,0.5067515969276428,0.4707518219947815
0.4446925222873688,0.418820858001709,0.5749688744544983
0.5590071082115173,0.5475192070007324,0.5335156917572021
0.9693191051483154,0.9555428624153136,0.8535627126693726
0.7281064391136169,0.6356200575828552,0.6199902892112732
0.4855105280876159,0.4076898694038391,0.3319336771965027
0.5699886679649353,0.4035353064537048,0.3001019656658172
0.2109997272491455,0.5584733486175537,0.3965358734130859
0.2944203615188598,0.2026250958442688,0.5712432265281677
0.4313831329345703,0.3371926248073578,0.2458122968673706
5.107775677970494e-07,-0.0295974127948284,-0.0371921882033348
-0.0457435473799705,-0.0533246099948883,0.015537048690021
-0.0011650694068521,-0.0248700212687253,-0.0458781383931636
0.0032495593186467,-0.009739926084876,-0.0347448736429214
-0.056799080222845,-0.0176382530480623,-0.0375246293842792
-0.0603354610502719,-0.0799594074487686,-0.043068166822195
-0.0649170950055122,-0.0783529505133628,-0.0902346968650817
0.5949841737747192,0.4650073945522308,0.3708096742630005
0.3294728398323059,0.2853841185569763,0.3892729878425598
0.339887797832489,0.3062812983989715,0.2762840986251831
0.4494990110397339,0.4041263461112976,0.3750373721122741
0.3485381007194519,0.5090159773826599,0.475229263305664
0.4501363337039947,0.4249738156795501,0.5773207545280457
0.5595588684082031,0.5466275811195374,0.5307390093803406
0.9668405055999756,0.9543679356575012,0.8545376062393188
0.7293700575828552,0.6391080617904663,0.6231416463851929
0.4882100224494934,0.4079063534736633,0.3291874229907989
0.5708901286125183,0.4065268933773041,0.3055727779865265
0.2177830934524536,0.5577617883682251,0.3985426425933838
0.2976647615432739,0.206103503704071,0.5691110491752625
0.4293865859508514,0.336087167263031,0.2446074783802032
4.861781803811027e-07,-0.0297404564917087,-0.0367675647139549
-0.0445160157978534,-0.0515849143266677,0.0144088761880993
-0.0024234785232692,-0.0263543296605348,-0.0473721921443939
0.0028936418239027,-0.0093297036364674,-0.0335074514150619
-0.0549941137433052,-0.0170689467340707,-0.035615224391222
-0.0566999912261962,-0.07505863904953,-0.0417140685021877
-0.0623369552195072,-0.0740071758627891,-0.0843788981437683
0.5890895128250122,0.4623380899429321,0.3716365694999695
0.3332369327545166,0.2926668524742126,0.387906938791275
0.3396937251091003,0.3030115067958832,0.2692865133285522
0.4469637274742126,0.4067797660827636,0.3776382207870483
0.3490162193775177,0.505903959274292,0.474592387676239
0.4452928900718689,0.4159192442893982,0.5745984315872192
0.5566033124923706,0.5407135486602783,0.5208023190498352
0.9438847899436952,0.9473868012428284,0.8589727878570557
0.7375448346138,0.6452009677886963,0.6245015263557434
0.4893944859504699,0.4077987670898437,0.3339718580245971
0.5704526305198669,0.4079816937446594,0.3009515106678009
0.2140857577323913,0.5603358149528503,0.3998667597770691
0.2981041371822357,0.209870845079422,0.574457049369812
0.4330629706382751,0.341126799583435,0.2543208003044128
6.051174636922951e-07,-0.0380606055259704,-0.0491320081055164
-0.0579580515623092,-0.0652341395616531,0.0024647649843245
-0.0142110679298639,-0.0371549949049949,-0.0574364326894283
-0.0042134565301239,-0.0194875337183475,-0.044798407703638
-0.0649993866682052,-0.0190636031329631,-0.0435349084436893
-0.0661173090338707,-0.0825967937707901,-0.0383681468665599
-0.0646005719900131,-0.0774198174476623,-0.0863345339894294
0.5919602513313293,0.4648733735084533,0.3694178462028503
0.3277987241744995,0.2870306372642517,0.3860641717910766
0.3357868790626526,0.3009532690048218,0.2702279388904571
0.4465353786945343,0.4022005200386047,0.3723662495613098
0.3455768823623657,0.5076940655708313,0.4715937376022339
0.4452691674232483,0.4187183082103729,0.5765408277511597
0.5552046895027161,0.5396825075149536,0.5213086009025574
0.9606927037239076,0.953572392463684,0.8561961650848389
0.7327989339828491,0.6383681297302246,0.6262520551681519
0.4906744956970215,0.4100062847137451,0.3331687152385711
0.5742456316947937,0.408061146736145,0.3047465980052948
0.218205064535141,0.5611885190010071,0.3996830582618713
0.2972524166107178,0.2058963179588318,0.5738685727119446
0.4352534413337707,0.3439218997955322,0.2566093504428863
5.799818154628156e-07,-0.0364977344870567,-0.0493335165083408
-0.0608072690665721,-0.0712692514061927,-0.0022084810771048
-0.0234356839209795,-0.0485475622117519,-0.0697047710418701
-0.0113206794485449,-0.0275614764541387,-0.0526075586676597
-0.0737258419394493,-0.0284912008792161,-0.0498886257410049
-0.0718877017498016,-0.0901712253689765,-0.0503311790525913
-0.0733022764325141,-0.0858095958828926,-0.0960015580058097
0.5888859033584595,0.4600243270397186,0.3655772805213928
0.32444629073143,0.2814171612262726,0.3825322389602661
0.3319748640060425,0.2970911860466003,0.2652933895587921
0.441403716802597,0.3942062854766845,0.3640286326408386
0.3367756605148315,0.4993771016597748,0.4631226658821106
0.4365360736846924,0.4103747904300689,0.566087007522583
0.5434281826019287,0.5276504755020142,0.509447455406189
0.9618537425994872,0.952955961227417,0.8529840707778931
0.7260251045227051,0.633669912815094,0.6240661144256592
0.4923247098922729,0.4150010645389557,0.3401541709899902
0.5717188119888306,0.4104291796684265,0.3116056323051452
0.2262850701808929,0.5586903691291809,0.3976726830005646
0.296484500169754,0.2035489976406097,0.5706019997596741
0.4332811236381531,0.3419795036315918,0.2510938942432403
4.601311616170279e-07,-0.0302333123981952,-0.0369075238704681
-0.0440040528774261,-0.0505167879164218,0.0157554373145103
0.0001290490035898,-0.0233741700649261,-0.0444718562066555
0.0043581090867519,-0.0073713087476789,-0.0322521217167377
-0.0544030964374542,-0.0155847016721963,-0.0344605185091495
-0.0567913576960563,-0.0763428881764411,-0.0400654226541519
-0.0616014599800109,-0.0742740556597709,-0.0856393203139305
0.5810867547988892,0.4532853960990906,0.3576337993144989
0.3160542249679565,0.2766879796981811,0.3752756714820862
0.3247628509998321,0.2896467745304107,0.2571578025817871
0.4322493374347687,0.3855145573616028,0.3563331365585327
0.3305865824222564,0.4888222217559814,0.4521423578262329
0.4259460866451263,0.4005055725574493,0.5543226003646851
0.5294463634490967,0.5109708309173584,0.4900867938995361
0.9587363004684448,0.9474674463272096,0.8461766242980957
0.7213612794876099,0.6329963207244873,0.6194387078285217
0.4888794422149658,0.4130142331123352,0.3403774499893188
0.5684472918510437,0.4073011875152588,0.3088874518871307
0.2245032489299774,0.5561363697052002,0.3956591784954071
0.2949343621730804,0.2030122876167297,0.5675275325775146
0.4285979568958282,0.3379915356636047,0.2483749687671661
4.385734371226137e-07,-0.026405556127429,-0.0306694358587265
-0.0362248085439205,-0.0414513945579528,0.0193213447928428
0.0045087346807122,-0.0182897560298442,-0.0388204418122768
0.0065748556517064,-0.0048919576220214,-0.0289552863687276
-0.0501686260104179,-0.0145399123430252,-0.0330746434628963
-0.0554502308368682,-0.0745985880494117,-0.0399001240730285
-0.0611158497631549,-0.0738677009940147,-0.0851274281740188
0.5726162791252136,0.4465929567813873,0.348416268825531
0.306778222322464,0.267801284790039,0.3654243648052215
0.3157733678817749,0.2808027267456054,0.248687744140625
0.4219377636909485,0.3776962161064148,0.349366545677185
0.3247092664241791,0.4778746962547302,0.4428130686283111
0.4164920151233673,0.3909869194030761,0.5415215492248535
0.5173555612564087,0.4992671310901642,0.4787990152835846
0.9539297223091124,0.9481618404388428,0.8447527289390564
0.7194725275039673,0.6334848999977112,0.6167719960212708
0.4882388114929199,0.4134268164634704,0.3411741256713867
0.5666904449462891,0.4047474265098572,0.3065106868743896
0.2223427593708038,0.5555376410484314,0.395322322845459
0.2941457629203796,0.2021973431110382,0.5692667961120605
0.4330995976924896,0.343317300081253,0.2552712857723236
4.443471084414341e-07,-0.0271605532616376,-0.031883455812931
-0.0377063676714897,-0.0434019155800342,0.0147886294871568
-0.0010095791658386,-0.0238428600132465,-0.0445134863257408
0.0021547365467995,-0.0100557561963796,-0.0335954576730728
-0.0546141192317009,-0.0186814852058887,-0.0375739634037017
-0.0598455518484115,-0.0793164074420929,-0.0438004955649375
-0.0653627514839172,-0.0785322114825248,-0.0904480442404747
0.5692285299301147,0.4424725770950317,0.3449869453907013
0.3021423816680908,0.2654010653495788,0.3649251759052276
0.3174321949481964,0.2832130789756775,0.2503464221954345
0.422775000333786,0.3808794915676117,0.3515993654727936
0.3237888216972351,0.4799246490001678,0.4438542425632477
0.4177092015743255,0.3913776278495788,0.5447508096694946
0.5187009572982788,0.4997953772544861,0.4790887832641601
0.9533156156539916,0.9480147361755372,0.845706582069397
0.7217050790786743,0.6340888738632202,0.616632878780365
0.4833306074142456,0.4061684608459472,0.3322446346282959
0.5670669674873352,0.4005167484283447,0.2989657521247864
0.2118784189224243,0.5565001964569092,0.3925160765647888
0.2898833751678467,0.1980703473091125,0.5708125829696655
0.4341365098953247,0.3442404568195343,0.256778359413147
4.814096428162884e-07,-0.0275271367281675,-0.0331911519169807
-0.0398264229297637,-0.0465134941041469,0.0137465270236134
-0.0021980735473334,-0.0258434414863586,-0.0471604205667972
0.0009428621269762,-0.0110557554289698,-0.0356477610766887
-0.0576634742319583,-0.0198652390390634,-0.0378733463585376
-0.0599160380661487,-0.0794935300946235,-0.0450223051011562
-0.0656025409698486,-0.0779289901256561,-0.0893578678369522
0.5697945952415466,0.4457420706748962,0.3487547636032104
0.3116000294685364,0.2803292274475097,0.3738240003585815
0.3373776078224182,0.3107708096504211,0.2853642404079437
0.4324464797973633,0.3980105519294739,0.3713594079017639
0.3444211483001709,0.4898798167705536,0.4599989354610443
0.4340479969978332,0.4077092111110687,0.5543915629386902
0.5313286781311035,0.5112046003341675,0.4887182712554931
0.945565104484558,0.9372029304504396,0.8318469524383545
0.7047719359397888,0.6108354926109314,0.5971951484680176
0.4564513266086578,0.3692865073680877,0.2902451157569885
0.5508947372436523,0.3829957246780395,0.2814443707466125
0.1962229013442993,0.5427132248878479,0.38016477227211
0.2755294144153595,0.184218168258667,0.5606780052185059
0.4247177243232727,0.334954172372818,0.2509283423423767
5.148749551153742e-07,-0.0321488603949546,-0.0411932542920112
-0.0496263615787029,-0.0578350722789764,-0.001858718926087
-0.0231641363352537,-0.0490051247179508,-0.0706361234188079
-0.0115104131400585,-0.0273600965738296,-0.051336970180273
-0.0721651464700698,-0.0286292936652898,-0.0476854555308818
-0.0673353299498558,-0.0846631899476051,-0.0504929348826408
-0.0713982731103897,-0.082643374800682,-0.0923711210489273
0.5740436315536499,0.4522736966609955,0.3649820387363434
0.3306013941764831,0.3007711768150329,0.3960188627243042
0.3645919859409332,0.3453046083450317,0.3286133408546448
0.4580862522125244,0.4289868474006653,0.4088828265666961
0.3883907794952392,0.5216571092605591,0.5001984238624573
0.4825603067874908,0.4619012475013733,0.5902392268180847
0.5782743096351624,0.5648908019065857,0.5477603673934937
0.9319069981575012,0.899292528629303,0.779228925704956
0.650158166885376,0.5520133376121521,0.5568059682846069
0.409653753042221,0.3184175789356231,0.2341222167015075
0.5168842673301697,0.3479767739772796,0.2426942288875579
0.1515356302261352,0.5140087604522705,0.3455337584018707
0.2394110560417175,0.1457268893718719,0.5396758913993835
0.3971419334411621,0.3030997216701507,0.215924322605133
6.085567179070495e-07,-0.0337580665946006,-0.0464229695498943
-0.0587865002453327,-0.0707256570458412,-0.0084617864340543
-0.0345692709088325,-0.0615042746067047,-0.0828300565481185
-0.0181157793849706,-0.0395058840513229,-0.0641801208257675
-0.0837973728775978,-0.0350928828120231,-0.0599901750683784
-0.0789520666003227,-0.0935445800423622,-0.0566093809902668
-0.0816564857959747,-0.0925958082079887,-0.1004561260342598
0.5809478759765625,0.4629280865192413,0.3773280084133148
0.3483802676200866,0.3197864294052124,0.4161863327026367
0.385870099067688,0.3655259907245636,0.3498059809207916
0.4795337617397308,0.452452540397644,0.4365250468254089
0.4231231212615967,0.5423208475112915,0.5244606137275696
0.512237548828125,0.4988404512405395,0.6114779710769653
0.6005744338035583,0.5903377532958984,0.5766749978065491
0.9231905937194824,0.8858088254928589,0.7660945057868958
0.636009931564331,0.5296573638916016,0.5327290296554565
0.3786141276359558,0.2824667096138,0.1963945925235748
0.4984216392040252,0.3188790380954742,0.2067860066890716
0.1133497655391693,0.5027624368667603,0.3270909190177917
0.2163572013378143,0.1197483241558075,0.5344803929328918
0.3883284628391266,0.2929528653621673,0.2031368911266327
6.038508786332386e-07,-0.0364403389394283,-0.0514355897903442
-0.0648091211915016,-0.077380284667015,-0.0142177622765302
-0.0412198677659034,-0.0687785819172859,-0.0904018953442573
-0.0233066398650407,-0.0445692986249923,-0.0695128664374351
-0.089802898466587,-0.0399419032037258,-0.0644094198942184
-0.0853816568851471,-0.1022165268659591,-0.0610815919935703
-0.0865162014961242,-0.0994568392634391,-0.1092762276530265
0.5848422646522522,0.4692306816577911,0.3850747048854828
0.3601791560649872,0.3353082537651062,0.4300270974636078
0.4077090322971344,0.3929630815982818,0.3823281526565552
0.4951831698417663,0.4762848019599914,0.4661812484264374
0.4576791524887085,0.5576719641685486,0.5486983060836792
0.5428652167320251,0.5343078374862671,0.6256940364837646
0.6234174370765686,0.6187073588371277,0.609717607498169
0.9151132106781006,0.8739277124404907,0.7522003650665283
0.6217362880706787,0.5118896961212158,0.516828715801239
0.3572433590888977,0.2577589154243469,0.1703515648841858
0.4864122867584228,0.301699161529541,0.1878212988376617
0.0930376648902893,0.4930897057056427,0.3157385885715484
0.2025688886642456,0.1026228368282318,0.5275744199752808
0.3824061453342438,0.2868756949901581,0.1978619396686554
6.172638222778914e-07,-0.0406785011291503,-0.0581536553800106
-0.0731468722224235,-0.0869401320815086,-0.0220749136060476
-0.0519258826971054,-0.0804332643747329,-0.1022425442934036
-0.0297815985977649,-0.0526329986751079,-0.0773743018507957
-0.0976154059171676,-0.0452575534582138,-0.0702005252242088
-0.0910205543041229,-0.1079921275377273,-0.0657476782798767
-0.0907432362437248,-0.1034800335764885,-0.1134267821907997
0.5753533840179443,0.4577087461948395,0.3840144276618957
0.3629827797412872,0.3364407420158386,0.4329968392848968
0.4123090803623199,0.3996198773384094,0.3912844657897949
0.4998541176319122,0.4851201772689819,0.4763474464416504
0.4685899019241333,0.5623382925987244,0.5552533268928528
0.5492953658103943,0.5445795059204102,0.6320127844810486
0.6305143237113953,0.625998854637146,0.6182868480682373
0.8938630223274231,0.8543593883514404,0.7415333390235901
0.6146060228347778,0.5071032643318176,0.5206782817840576
0.364321231842041,0.263369619846344,0.17320317029953
0.4875537157058716,0.3106368780136108,0.19456747174263
0.0940569341182708,0.4938176870346069,0.3194446563720703
0.2040868401527404,0.1031475067138671,0.529170572757721
0.3849785327911377,0.2883622646331787,0.1978375017642974
6.17872103703121e-07,-0.0483873449265956,-0.068273052573204
-0.0844812542200088,-0.0987457111477851,-0.0176554024219512
-0.0486621409654617,-0.0794809386134147,-0.1032130494713783
-0.0220852829515934,-0.0497791059315204,-0.0803495422005653
-0.1029718071222305,-0.0353606976568698,-0.0680319294333458
-0.0935307592153549,-0.1109012216329574,-0.0539237596094608
-0.084930844604969,-0.1004711538553237,-0.1106651052832603
0.5795724391937256,0.4657997488975525,0.3905246257781982
0.3687911629676819,0.3423903286457062,0.446690022945404
0.4260120391845703,0.4115633368492126,0.4013711214065552
0.514472246170044,0.5022770166397095,0.4958885610103607
0.4897089600563049,0.5769243240356445,0.5717005729675293
0.5700082778930664,0.5653774738311768,0.6424565315246582
0.6418593525886536,0.6392543315887451,0.6324268579483032
0.9086476564407348,0.864362359046936,0.7371721267700195
0.606418251991272,0.4929146468639374,0.5077784657478333
0.3525491952896118,0.2542262375354767,0.1658070981502533
0.4790571928024292,0.2993219494819641,0.1853732466697693
0.0899370014667511,0.4879650771617889,0.3111340403556824
0.1968160271644592,0.0953570306301117,0.5253681540489197
0.379938006401062,0.2836362421512604,0.1931976079940796
5.998751930746948e-07,-0.0415582284331321,-0.0587212033569812
-0.0730727985501289,-0.0861139744520187,-0.0175761766731739
-0.0455257073044776,-0.0735268145799636,-0.095571219921112
-0.025041913613677,-0.0468298941850662,-0.0729773268103599
-0.0943604260683059,-0.0404114760458469,-0.0662966147065162
-0.0885199606418609,-0.1061410829424858,-0.0605686344206333
-0.0873039737343788,-0.1010162010788917,-0.1113762632012367
0.5777304172515869,0.462674617767334,0.3873827457427978
0.3671347498893738,0.3400818109512329,0.4391881823539734
0.4147237241268158,0.4006673991680145,0.3921510577201843
0.5051658153533936,0.4812576472759247,0.4693537056446075
0.4592430293560028,0.567771315574646,0.5614205598831177
0.557460367679596,0.5508140921592712,0.6371789574623108
0.6360689401626587,0.6331968307495117,0.6257066130638123
0.9087624549865724,0.8614891767501831,0.7373430728912354
0.6034045815467834,0.4872419238090515,0.5121822357177734
0.3540046215057373,0.258181095123291,0.1697317063808441
0.4825607538223266,0.3068538606166839,0.2016533017158508
0.1089665591716766,0.4877472817897796,0.3125339448451996
0.2006469964981079,0.0968755781650543,0.5215783715248108
0.3764928877353668,0.2820435166358948,0.189170628786087
4.863378535446827e-07,-0.0445454828441143,-0.0630177855491638
-0.078567624092102,-0.0923003926873207,-0.017166206613183
-0.0462883785367012,-0.0746892988681793,-0.0974380448460578
-0.0237250104546546,-0.0482075586915016,-0.0764443278312683
-0.0998255386948585,-0.0388815104961395,-0.0687621235847473
-0.0934939384460449,-0.1129367351531982,-0.0588396377861499
-0.0889096781611442,-0.104431927204132,-0.1164647787809372
0.5609093904495239,0.4473191797733307,0.3652745485305786
0.3441741168498993,0.3248600363731384,0.4187058210372925
0.3953326046466827,0.3828325867652893,0.3762730956077575
0.4835584461688995,0.466929018497467,0.4617181420326233
0.4591726958751678,0.545606255531311,0.5401089787483215
0.5391056537628174,0.5362589359283447,0.6122573614120483
0.6123561859130859,0.6112128496170044,0.6072269082069397
0.9090350866317748,0.8655765652656555,0.7403261661529541
0.6073213815689087,0.4934909641742706,0.513931930065155
0.3552287220954895,0.2579570710659027,0.1695455014705658
0.4844972789287567,0.3009652495384216,0.1899758279323578
0.0949512422084808,0.4918243288993835,0.3169360756874084
0.2073367238044738,0.1086275279521942,0.526845395565033
0.3848699331283569,0.2933292686939239,0.207885205745697
6.050120759937272e-07,-0.043205477297306,-0.0617370009422302
-0.0776847898960113,-0.0923010930418968,-0.0230455324053764
-0.054405078291893,-0.0831340923905372,-0.1055222004652023
-0.0302707608789205,-0.0558373443782329,-0.0824511870741844
-0.1041470915079116,-0.0456379391252994,-0.0744776725769043
-0.0976380556821823,-0.116016998887062,-0.0659013465046882
-0.0941651090979576,-0.1090957522392273,-0.1207493245601654
0.5552571415901184,0.4346885979175567,0.355749100446701
0.3364816308021545,0.312674880027771,0.4071103930473327
0.3834440112113952,0.3688709139823913,0.3600538074970245
0.4711469709873199,0.4515157341957092,0.4425500333309173
0.4375417828559875,0.5327037572860718,0.5247349739074707
0.5210745334625244,0.5172886848449707,0.6005170941352844
0.599194347858429,0.5979835987091064,0.5948876738548279
0.9071149826049804,0.8644793629646301,0.7407816052436829
0.6071546673774719,0.4930410385131836,0.5161218047142029
0.3601667881011963,0.2632255852222442,0.1743600070476532
0.48532834649086,0.3038127720355987,0.1934308409690857
0.0977293252944946,0.4913293421268463,0.315372496843338
0.2052412629127502,0.1046865284442901,0.5262439250946045
0.384896844625473,0.2927370071411133,0.2041233777999878
6.131850227575342e-07,-0.0471008904278278,-0.0672025457024574
-0.0840788036584854,-0.0994265377521514,-0.0228760298341512
-0.0538466051220893,-0.0831690207123756,-0.1061496511101722
-0.0288399755954742,-0.0539166145026683,-0.0814165845513343
-0.1038710102438926,-0.0433475971221923,-0.0719817280769348
-0.095604695379734,-0.1144697070121765,-0.0631538704037666
-0.0911325067281723,-0.1055765002965927,-0.1170097813010215
0.496968150138855,0.3786393702030182,0.2961847484111786
0.2768701910972595,0.2524022161960602,0.346773624420166
0.328679621219635,0.3144556879997253,0.3018297553062439
0.4087552428245544,0.3971021175384521,0.3871578574180603
0.3775091171264648,0.4679283499717712,0.4650447368621826
0.4613936841487884,0.4545439779758453,0.5299735069274902
0.5336712002754211,0.5325427055358887,0.5282625555992126
0.9076855182647704,0.8641843795776367,0.7425852417945862
0.6119261980056763,0.5021098256111145,0.5202544927597046
0.3669288158416748,0.2736436128616333,0.1873134970664978
0.4941145777702331,0.3177844882011413,0.2113927006721496
0.1169868409633636,0.5038567185401917,0.3338490724563598
0.2282183170318603,0.1315516829490661,0.5408453345298767
0.3994637727737427,0.3069595694541931,0.2206494212150573
6.533231839966902e-07,-0.0409375131130218,-0.0580682568252086
-0.0729696750640869,-0.0869383811950683,-0.0201823487877845
-0.0488740727305412,-0.0768773555755615,-0.098708376288414
-0.0262718386948108,-0.0487972237169742,-0.0740531384944915
-0.0952454507350921,-0.0398512296378612,-0.0646165236830711
-0.0849966406822204,-0.1018026024103164,-0.0585191845893859
-0.0836896821856498,-0.0970178693532943,-0.1075573489069938
0.4386495947837829,0.3276293575763702,0.2498549073934555
0.2317891120910644,0.2076292634010315,0.2939325273036957
0.2795217633247375,0.266569048166275,0.2537638545036316
0.3550797998905182,0.3435127735137939,0.3318149447441101
0.3194393217563629,0.4129097163677215,0.4093170762062073
0.4034754931926727,0.3943422436714172,0.4727420806884765
0.4719018936157226,0.466998815536499,0.4596253037452698
0.9013634324073792,0.8595433831214905,0.7345214486122131
0.6070348620414734,0.5071088671684265,0.5225939750671387
0.3734071254730224,0.2820866405963897,0.197237342596054
0.4957382678985595,0.3204491138458252,0.214904248714447
0.1242884397506713,0.5045204162597656,0.3337949514389038
0.2325533926486969,0.1429186761379242,0.5428992509841919
0.4044871926307678,0.313083291053772,0.2289566993713379
6.133646479611343e-07,-0.0374893993139267,-0.0526575148105621
-0.0660161450505256,-0.079393595457077,-0.0221607740968465
-0.0505793392658233,-0.0787886679172515,-0.101209320127964
-0.030107595026493,-0.0516598112881183,-0.0771979540586471
-0.0990132465958595,-0.044725015759468,-0.0684659406542778
-0.0890080332756042,-0.1063505560159683,-0.0639956668019294
-0.0891045555472374,-0.10292799025774,-0.1140035539865493
0.4148471355438232,0.3034272193908691,0.2244196534156799
0.2032119035720825,0.1839027851819992,0.2671352326869964
0.2491649985313415,0.2342776358127594,0.2215823382139206
0.3258302211761474,0.3122387826442718,0.3020296096801758
0.2926583290100097,0.3820463418960571,0.3766377866268158
0.3735865950584411,0.367582768201828,0.4400757551193237
0.4355176091194153,0.4291349053382873,0.4213500916957855
0.9003661870956421,0.8614014983177185,0.7354150414466858
0.6091967821121216,0.5055942535400391,0.5309309959411621
0.3816864192485809,0.2894632518291473,0.2034536600112915
0.5019323229789734,0.3286088109016418,0.2194534540176391
0.1225081086158752,0.5093544721603394,0.3438436985015869
0.2387723922729492,0.1449962556362152,0.5457279086112976
0.4129594564437866,0.3235433399677276,0.2419579923152923
5.706741603717091e-07,-0.0412992052733898,-0.059812281280756
-0.0761231034994125,-0.0922411978244781,-0.0272471215575933
-0.0587059594690799,-0.0878865644335746,-0.1109923347830772
-0.0350198559463024,-0.0610996894538402,-0.089308463037014
-0.1128135100007057,-0.0498189777135849,-0.0767864659428596
-0.1003035381436348,-0.1197291389107704,-0.0693837776780128
-0.0956086739897728,-0.1107975989580154,-0.1233641952276229
0.4106877446174621,0.2999956011772156,0.2224300354719162
0.2011775523424148,0.1798470467329025,0.2629954218864441
0.2456023395061493,0.2291436791419983,0.2135433107614517
0.3242170214653015,0.310893565416336,0.2971913516521454
0.2838970422744751,0.3811554908752441,0.376979649066925
0.3718077540397644,0.3646418452262878,0.4392009377479553
0.4343827962875366,0.4255583882331848,0.4146219491958618
0.9012682437896729,0.8673440217971802,0.7420494556427002
0.6166568398475647,0.5166876912117004,0.5290135741233826
0.3853026926517486,0.2949703633785248,0.2108630239963531
0.5020549893379211,0.3342650532722473,0.2294130325317382
0.1351904869079589,0.510981023311615,0.3487008213996887
0.2419396638870239,0.1464830935001373,0.5493596196174622
0.4170389771461487,0.3256599307060241,0.2391338348388672
5.209545292927942e-07,-0.0418438538908958,-0.0602838806807994
-0.0758212804794311,-0.0913085490465164,-0.0268623419106006
-0.0572980195283889,-0.0868561640381813,-0.1106631010770797
-0.0341522693634033,-0.0596873611211776,-0.0886089131236076
-0.112799122929573,-0.0483795404434204,-0.0751331821084022
-0.0987791195511818,-0.1184484958648681,-0.0674225389957428
-0.0933352634310722,-0.1083675995469093,-0.1209535747766494
0.4152618050575256,0.3008622825145721,0.2224999815225601
0.2006104737520218,0.1776147186756134,0.2637852430343628
0.246641457080841,0.23065085709095,0.2159983217716217
0.3249706923961639,0.3123716413974762,0.3003674745559692
0.2884790301322937,0.3816993236541748,0.3771438598632812
0.372303307056427,0.3647705614566803,0.4394273459911346
0.4348875880241394,0.4267497956752777,0.4158677756786346
0.9080010652542114,0.8752570748329163,0.7492938041687012
0.624091625213623,0.5247210264205933,0.5360268354415894
0.3904874324798584,0.298398345708847,0.212586909532547
0.5069991946220398,0.3362458646297455,0.2277281582355499
0.1311827301979065,0.5154111981391907,0.3507761359214782
0.2417023777961731,0.1443860232830047,0.5535904765129089
0.4197520017623901,0.3271879851818084,0.2404825687408447
5.688071382792259e-07,-0.042155984789133,-0.0608915723860263
-0.076841339468956,-0.0927486196160316,-0.0276660621166229
-0.0592418871819973,-0.0892400965094566,-0.1132412329316139
-0.0357224307954311,-0.0624509565532207,-0.0919271260499954
-0.1162367910146713,-0.0508407577872276,-0.0791333615779876
-0.1040860563516616,-0.1243419051170349,-0.0707205608487129
-0.0984425842761993,-0.1146887689828872,-0.1278697103261947
0.3978614807128906,0.2913135886192322,0.2217879593372345
0.2022422552108764,0.1739436239004135,0.2647081017494201
0.2495905011892318,0.232206106185913,0.2159739732742309
0.3273580074310303,0.3144705295562744,0.3016024827957153
0.28870490193367,0.3861834704875946,0.3794379234313965
0.3715666532516479,0.3620395958423614,0.4454689621925354
0.438784122467041,0.4270599484443664,0.4128538370132446
0.8832283020019531,0.859745979309082,0.7429244518280029
0.6231813430786133,0.5262815356254578,0.5402485132217407
0.3902548551559448,0.2949745655059814,0.2106550931930542
0.5102910399436951,0.336383581161499,0.2214832007884979
0.12415212392807,0.5187945365905762,0.3498304486274719
0.2402776777744293,0.1471122503280639,0.5560119152069092
0.4179563522338867,0.3260376751422882,0.2457564324140548
5.747280624746054e-07,-0.0488012582063674,-0.0702598690986633
-0.0865181684494018,-0.1022657454013824,-0.0405869930982589
-0.0732195824384689,-0.1021359637379646,-0.1241961047053337
-0.0435899533331394,-0.0728136226534843,-0.1014319136738777
-0.1228395476937294,-0.0532383359968662,-0.0840182304382324
-0.1082364320755004,-0.125213012099266,-0.0676612704992294
-0.0978579446673393,-0.1137844920158386,-0.1242469847202301
0.4205288589000702,0.306033730506897,0.2271832078695297
0.2045403271913528,0.1785744577646255,0.2689767479896545
0.2511887550354004,0.2357521802186966,0.2221354842185974
0.329338788986206,0.314434140920639,0.3028713464736938
0.2924543619155884,0.3863084316253662,0.3779850006103515
0.3722931444644928,0.3653139173984527,0.4454550147056579
0.4384788274765014,0.4297176003456116,0.4193122684955597
0.9038680195808412,0.8731892108917236,0.7533092498779297
0.6294971704483032,0.5266255140304565,0.5365210771560669
0.3915042281150818,0.2989300489425659,0.2139755487442016
0.5074971914291382,0.3371813297271728,0.2283158898353576
0.1340769231319427,0.5162826180458069,0.3513084650039673
0.2445366084575653,0.1496041715145111,0.5552448034286499
0.4217580556869507,0.3310812711715698,0.2464324533939361
5.656865482706053e-07,-0.0426724664866924,-0.0624398589134216
-0.0789372622966766,-0.0948075503110885,-0.0293306168168783
-0.0606616362929344,-0.0904211029410362,-0.1139667779207229
-0.0368045307695865,-0.0629516392946243,-0.091447465121746
-0.1145577803254127,-0.0511446185410022,-0.078063279390335
-0.1015694662928581,-0.120691992342472,-0.0702406913042068
-0.0972768366336822,-0.1126483976840972,-0.1246195882558822
0.4209882915019989,0.3072225749492645,0.2267972379922866
0.2054973989725113,0.1858319491147995,0.2695336043834686
0.2534547448158264,0.2365691363811493,0.2206378281116485
0.3304251134395599,0.3190128803253174,0.3074463605880737
0.2952660322189331,0.3873458504676819,0.3818191289901733
0.3756755590438843,0.3666624426841736,0.4453249275684356
0.4395093321800232,0.4317505955696106,0.4218039214611053
0.9058666229248048,0.8737729787826538,0.7502375245094299
0.6246463060379028,0.522437572479248,0.5360278487205505
0.3915147185325622,0.2982837855815887,0.2124939560890197
0.5073293447494507,0.3341833353042602,0.2244723737239837
0.1270972490310669,0.5165888071060181,0.3501948714256286
0.2414762675762176,0.144252061843872,0.556136965751648
0.4224519729614258,0.3306886553764343,0.2450555264949798
5.805925411550561e-07,-0.0408232063055038,-0.0597144551575183
-0.0758564844727516,-0.0923841744661331,-0.0304165594279766
-0.0633292347192764,-0.094086468219757,-0.1184724941849708
-0.0394127517938613,-0.0664515867829322,-0.0954093262553215
-0.1192987859249115,-0.0551746115088462,-0.0833302810788154
-0.1070904210209846,-0.1266353875398636,-0.0755918845534324
-0.1031413897871971,-0.1183535382151603,-0.1307550966739654
0.4197140038013458,0.3081417679786682,0.2302085757255554
0.2081258296966552,0.18724325299263,0.2729645371437073
0.2563376724720001,0.2401212751865387,0.226221352815628
0.3339527547359466,0.3226684331893921,0.3119888603687286
0.3012716770172119,0.3911608159542084,0.3855080604553222
0.3796639144420624,0.3709043562412262,0.4488704204559326
0.4433819949626922,0.4358269572257995,0.425810158252716
0.909028708934784,0.8750974535942078,0.7520765662193298
0.6291418075561523,0.5275190472602844,0.5400948524475098
0.3953546285629272,0.3019985556602478,0.2151435315608978
0.5109890699386597,0.3371899425983429,0.2270202934741974
0.1285799443721771,0.5197463631629944,0.3537478148937225
0.2451673746109008,0.1474234461784362,0.558804452419281
0.4252675771713257,0.3335910737514496,0.2484571933746338
5.761658030678518e-07,-0.0421340726315975,-0.0622307211160659
-0.0795286670327186,-0.0972335636615753,-0.0324707888066768
-0.0662110522389411,-0.0969982594251632,-0.1213625594973564
-0.041092649102211,-0.0692782700061798,-0.0987211689352989
-0.1229326650500297,-0.0565205700695514,-0.0855777338147163
-0.1096916645765304,-0.1293180435895919,-0.0766349956393241
-0.1044874712824821,-0.1199090257287025,-0.1325164288282394
0.4323986172676086,0.3195246160030365,0.2400563657283783
0.2181454598903656,0.1961006224155426,0.2819955348968506
0.2666324079036712,0.2494737654924392,0.2327408045530319
0.3431892693042755,0.3309777379035949,0.3180374503135681
0.3036325573921203,0.4010536968708038,0.3944963812828064
0.3878855109214782,0.3780586719512939,0.4594420194625854
0.4528998732566833,0.4467848241329193,0.4388866126537323
0.913000464439392,0.8782308101654053,0.7561142444610596
0.6323696374893188,0.5318528413772583,0.538318932056427
0.3945579826831817,0.3017738163471222,0.2165601551532745
0.5095950961112976,0.3369852900505066,0.2284754514694214
0.1330088078975677,0.5188885927200317,0.3535327613353729
0.2459006309509277,0.1495101749897003,0.5587856769561768
0.4247527122497558,0.3339672982692718,0.2493643462657928
5.541845666812151e-07,-0.0419374033808708,-0.061298556625843
-0.0776817947626113,-0.0941276028752327,-0.0295078065246343
-0.0615432821214199,-0.0920505747199058,-0.1161594465374946
-0.037535011768341,-0.0634805783629417,-0.09146399050951
-0.1144386157393455,-0.0524267479777336,-0.0793387144804
-0.1018288657069206,-0.12022615224123,-0.0721244439482688
-0.0983048677444458,-0.1120028346776962,-0.1230806112289428
0.4689619541168213,0.351634532213211,0.2704986929893493
0.2439456284046173,0.223319798707962,0.3119547367095947
0.2913694381713867,0.2738691568374634,0.2593624591827392
0.3733528554439544,0.3593496680259704,0.3458830416202545
0.3326849937438965,0.4327123165130615,0.4251925647258758
0.4177640378475189,0.4080932140350342,0.4929271936416626
0.4888404011726379,0.4832317233085632,0.475611001253128
0.9168592691421508,0.8799117803573608,0.7595125436782837
0.6355453133583069,0.5305011868476868,0.5417228937149048
0.3924694061279297,0.2983599305152893,0.2131171226501464
0.5130020380020142,0.3386278748512268,0.2302846908569336
0.1354124546051025,0.5214776396751404,0.3545116782188415
0.2475694417953491,0.1510883867740631,0.5603160262107849
0.4251471757888794,0.3330898880958557,0.2486785054206848
5.435804837361502e-07,-0.0424673892557621,-0.0626568496227264
-0.0800654739141464,-0.0966673716902732,-0.0280789360404014
-0.0600043460726738,-0.0900802612304687,-0.1132680922746658
-0.0355499759316444,-0.0607244856655597,-0.0873720422387123
-0.1087819337844848,-0.0500979274511337,-0.0749224424362182
-0.0944766625761985,-0.1105765402317047,-0.0697910189628601
-0.0932735949754715,-0.1040962561964988,-0.1126006096601486
0.5062005519866943,0.387686938047409,0.3045621216297149
0.2786105573177337,0.257265567779541,0.3497772216796875
0.3260336518287658,0.3066900968551636,0.2906237244606018
0.4112424850463867,0.3971907496452331,0.3868856430053711
0.377240389585495,0.469998151063919,0.4637600183486938
0.4589302539825439,0.4515999555587768,0.530063271522522
0.5300605297088623,0.5261781215667725,0.5197376012802124
0.921129047870636,0.8844829797744751,0.7627100944519043
0.6359480619430542,0.5257915258407593,0.5379637479782104
0.3867620229721069,0.2926099598407745,0.2076075077056884
0.5083937048912048,0.3364700078964233,0.2299782633781433
0.1379153430461883,0.5174341797828674,0.3528231978416443
0.246527761220932,0.1494486927986145,0.5560476183891296
0.4230525195598602,0.3319505155086517,0.2468441724777221
5.407061394180346e-07,-0.0402399413287639,-0.0583170168101787
-0.0741919130086898,-0.0888184309005737,-0.0212507434189319
-0.0503421202301979,-0.078061506152153,-0.1000217050313949
-0.0290512815117836,-0.0531378723680973,-0.0783136188983917
-0.0981236472725868,-0.0441936142742633,-0.0699920952320098
-0.0890704318881034,-0.1042244434356689,-0.0642840191721916
-0.089544229209423,-0.101046048104763,-0.1095139905810356
0.5212761163711548,0.4057246744632721,0.3222885131835937
0.2967482805252075,0.2692614793777466,0.3674629628658294
0.346532791852951,0.3280087113380432,0.3111477196216583
0.4287146925926208,0.4135330021381378,0.4024952948093414
0.3909639120101928,0.487979918718338,0.4789497554302215
0.4742972254753113,0.4660900831222534,0.5506912469863892
0.5496515035629272,0.5461322069168091,0.5386391282081604
0.9281232357025146,0.8904128670692444,0.7681834101676941
0.6428894400596619,0.5339751839637756,0.545450747013092
0.3962858021259308,0.3022485077381134,0.2187494933605194
0.516002357006073,0.339967668056488,0.2302785515785217
0.1365569829940796,0.5240303874015808,0.3542288839817047
0.2428075075149536,0.1424795091152191,0.5619040727615356
0.425077736377716,0.3325626254081726,0.2473972141742706
5.462226226882194e-07,-0.0399297997355461,-0.0591328367590904
-0.0762035250663757,-0.092382401227951,-0.025275295600295
-0.0585561990737915,-0.0896412879228591,-0.113350324332714
-0.0346330776810646,-0.0610055439174175,-0.088250420987606
-0.1098246052861213,-0.0513131096959114,-0.078528769314289
-0.0992618128657341,-0.1159927025437355,-0.0728686824440956
-0.098554141819477,-0.1105210930109024,-0.1198963224887847
0.5870281457901001,0.4709945321083069,0.394019216299057
0.3731472790241241,0.3492939472198486,0.4482692182064056
0.4242843091487884,0.4059094190597534,0.3909560441970825
0.5135511159896851,0.5006573796272278,0.4926322996616363
0.4843738675117492,0.5757342576980591,0.5721254348754883
0.5706583261489868,0.5649343729019165,0.6415945291519165
0.6437022686004639,0.6417182683944702,0.6337937116622925
0.9479460120201112,0.8951717615127563,0.7705498933792114
0.6390342712402344,0.5342937707901001,0.5542954802513123
0.3935021162033081,0.2947672307491302,0.203903317451477
0.5226057767868042,0.3434023559093475,0.2334199845790863
0.1372798681259155,0.5285830497741699,0.3556975722312927
0.246357262134552,0.14881631731987,0.5639500021934509
0.4254509806632995,0.334357738494873,0.250303566455841
4.121611141272297e-07,-0.0333891697227954,-0.0449949391186237
-0.055945411324501,-0.0665802136063575,-0.0118747474625706
-0.0390955135226249,-0.0655145198106765,-0.0871950984001159
-0.0229633431881666,-0.0456269234418869,-0.0704949647188186
-0.0905900299549102,-0.0411395691335201,-0.0683105736970901
-0.0878727585077285,-0.103218674659729,-0.0636525899171829
-0.0901276990771293,-0.1010283231735229,-0.1094191446900367
0.7061312198638916,0.5829631090164185,0.4998875856399536
0.48005011677742,0.4594619870185852,0.5583651661872864
0.5325507521629333,0.517593502998352,0.5098312497138977
0.6321243643760681,0.625793993473053,0.625826358795166
0.6252319812774658,0.6990143060684204,0.7017312049865723
0.706011950969696,0.7064206004142761,0.7668336629867554
0.7798095941543579,0.7886909246444702,0.7917200326919556
0.9517786502838136,0.9075106382369996,0.7822191715240479
0.6426807045936584,0.518322765827179,0.5542387962341309
0.3905018866062164,0.2901236712932586,0.1968527436256408
0.5177475810050964,0.3248732984066009,0.2074759304523468
0.1031132042407989,0.524315595626831,0.3432120680809021
0.2334320247173309,0.1331091523170471,0.562136709690094
0.4225062727928161,0.3305165767669678,0.2437787652015686
5.906166506974841e-07,-0.0526222959160804,-0.0755867287516594
-0.0937785729765892,-0.1099030971527099,-0.0358046405017375
-0.0691699460148811,-0.0969201326370239,-0.1189491301774978
-0.0403616577386856,-0.0672007128596305,-0.0933817327022552
-0.114596277475357,-0.0533792488276958,-0.0842901691794395
-0.1075411587953567,-0.1257009655237198,-0.0717365369200706
-0.1008353754878044,-0.1147510558366775,-0.1255346983671188
0.7415490746498108,0.616795539855957,0.5376424193382263
0.520026683807373,0.502996027469635,0.5949406623840332
0.5717659592628479,0.5625144243240356,0.5588569045066833
0.6720724105834961,0.6683403253555298,0.6714501976966858
0.6733804941177368,0.7394977807998657,0.7462091445922852
0.7515531182289124,0.7547866106033325,0.8081455230712891
0.8237501382827759,0.8329213857650757,0.837699294090271
0.9191550016403198,0.8894389867782593,0.7745641469955444
0.6382565498352051,0.516198456287384,0.5501589179039001
0.3826388120651245,0.2758163213729858,0.1802714765071869
0.5179038643836975,0.3260422050952911,0.1995283663272857
0.0913068652153015,0.5286584496498108,0.3481520712375641
0.23014497756958,0.126780092716217,0.5662250518798828
0.4202363491058349,0.3224762678146362,0.2312963306903839
9.02825092907733e-07,-0.0622260943055152,-0.0927325189113617
-0.1154771670699119,-0.1363753974437713,-0.0550807863473892
-0.0932064652442932,-0.1237275302410125,-0.1465097665786743
-0.0547433979809284,-0.0902279242873191,-0.1209916025400161
-0.1432336121797561,-0.0624099485576152,-0.1012005358934402
-0.1268802434206009,-0.1439038068056106,-0.0753963738679885
-0.1108931899070739,-0.1267130672931671,-0.1366922408342361
0.7479618191719055,0.6270750164985657,0.5484848618507385
0.530308723449707,0.5115872621536255,0.6045026779174805
0.5787521004676819,0.5693722367286682,0.5673503875732422
0.6808781623840332,0.6805210113525391,0.6869850158691406
0.6942299008369446,0.749994695186615,0.7558763027191162
0.7618817687034607,0.7660698890686035,0.8193262815475464
0.8343672752380371,0.8434514403343201,0.8481417894363403
0.941682517528534,0.898337185382843,0.77553391456604
0.6384562253952026,0.5164812207221985,0.545576274394989
0.3811899423599243,0.2783182859420776,0.1836276948451995
0.5119828581809998,0.3125804960727691,0.1861966848373413
0.0817756354808807,0.5238115787506104,0.3403756022453308
0.2252514958381652,0.123454213142395,0.5665866136550903
0.4235838651657104,0.3258373141288757,0.2354116439819336
9.393212394570584e-07,-0.0583795979619026,-0.0863515809178352
-0.108030155301094,-0.1278064399957656,-0.0474255345761776
-0.0846027359366417,-0.114786610007286,-0.1371500492095947
-0.0493325069546699,-0.0779955983161926,-0.1041685417294502
-0.1245721578598022,-0.0598277002573013,-0.0905827581882476
-0.1128409802913665,-0.129661276936531,-0.0761395543813705
-0.1059801951050758,-0.119928739964962,-0.1296107769012451
0.7497841715812683,0.6271153092384338,0.5459396243095398
0.5266183614730835,0.5071971416473389,0.6103347539901733
0.5842859148979187,0.5739068388938904,0.5724506378173828
0.6844884753227234,0.6822687387466431,0.6882508993148804
0.6960181593894958,0.7509057521820068,0.7560877203941345
0.7622238993644714,0.7672611474990845,0.8192536234855652
0.8320903778076172,0.8418855667114258,0.8477641940116882
0.947529435157776,0.9030691981315612,0.7770612239837646
0.6364763379096985,0.5087787508964539,0.548185408115387
0.3804570436477661,0.2761844992637634,0.1788977980613708
0.5155801773071289,0.3173498213291168,0.1967496871948242
0.0909891128540039,0.525851845741272,0.3458474278450012
0.2311027348041534,0.1258988082408905,0.5672974586486816
0.4259484708309173,0.3317925333976745,0.2421231567859649
8.095934163065976e-07,-0.0603193454444408,-0.0876628756523132
-0.1088850274682045,-0.1282211393117904,-0.0433859787881374
-0.0801590010523796,-0.1111363172531127,-0.1349865943193435
-0.0449046939611434,-0.0731026530265808,-0.1010676845908165
-0.1241693794727325,-0.0557735078036785,-0.0863623023033142
-0.110178641974926,-0.1296208053827285,-0.0729698985815048
-0.1021090224385261,-0.1169931516051292,-0.1290385425090789
0.7550119161605835,0.633931577205658,0.5544312000274658
0.5328100919723511,0.515595555305481,0.6177440881729126
0.5980656743049622,0.5919356346130371,0.5939851999282837
0.6923997402191162,0.6903634071350098,0.6964640617370605
0.704395592212677,0.7579360008239746,0.7638672590255737
0.7699586749076843,0.7750531435012817,0.8249291181564331
0.8344981670379639,0.8425253629684448,0.8474631309509277
0.943609058856964,0.9000594019889832,0.7775933742523193
0.6403296589851379,0.5143790245056152,0.5426918268203735
0.3786326348781585,0.2781192362308502,0.1827022731304168
0.510157585144043,0.3172240257263183,0.1994800865650177
0.0953665971755981,0.5205202698707581,0.3433916270732879
0.2325323224067688,0.131431758403778,0.5606744885444641
0.4199810624122619,0.3257936239242553,0.2349500954151153
8.078345103967877e-07,-0.0617345869541168,-0.0898012444376945
-0.1117702201008796,-0.1314489692449569,-0.0383104160428047
-0.0732354372739791,-0.1047818809747695,-0.1291868686676025
-0.038216944783926,-0.0638669654726982,-0.0914042741060257
-0.1148186475038528,-0.0479222051799297,-0.0754981040954589
-0.0975379198789596,-0.1162852346897125,-0.0644299760460853
-0.0910646691918373,-0.1045641228556633,-0.1159312352538108
0.7638537287712097,0.6416070461273193,0.5578457713127136
0.5320949554443359,0.5223432779312134,0.6224669218063354
0.6094143986701965,0.6063976883888245,0.6096774339675903
0.6967806816101074,0.6970675587654114,0.7040395140647888
0.7108195424079895,0.760527491569519,0.7682524919509888
0.7767794132232666,0.7830150127410889,0.8258863687515259
0.834219753742218,0.8414189219474792,0.8457221388816833
0.937545657157898,0.8955168724060059,0.776456356048584
0.6427480578422546,0.520223081111908,0.5377789735794067
0.3762352466583252,0.2800838947296142,0.1878519654273986
0.5097303986549377,0.327474296092987,0.2185399532318115
0.120023101568222,0.5211412906646729,0.3561890125274658
0.2529883682727813,0.1574763059616089,0.5590545535087585
0.4220638275146484,0.3322661519050598,0.2430105507373809
7.383978868347185e-07,-0.0566643550992012,-0.081358678638935
-0.1008950918912887,-0.1176199167966842,-0.0251690652221441
-0.0547991618514061,-0.0839911773800849,-0.1075107380747795
-0.025988221168518,-0.0473569482564926,-0.0732752084732055
-0.0962556824088096,-0.0368047654628753,-0.0620449930429458
-0.082881361246109,-0.1009735986590385,-0.0541823618113994
-0.0792175456881523,-0.0921515747904777,-0.1033716201782226
0.7683292031288147,0.641830325126648,0.558748722076416
0.5350083708763123,0.5262786746025085,0.6207019686698914
0.6079540252685547,0.6057668328285217,0.6088584661483765
0.6937660574913025,0.6903438568115234,0.6950415968894958
0.6991308927536011,0.7567771673202515,0.7609542012214661
0.7673689126968384,0.7714759111404419,0.8222161531448364
0.8273812532424927,0.8335263133049011,0.8369903564453125
0.9443287253379822,0.90444153547287,0.7857987284660339
0.651370644569397,0.5286117792129517,0.5445132255554199
0.3851797878742218,0.290974348783493,0.1999482810497284
0.5158840417861938,0.3394246101379394,0.2333137691020965
0.1379858255386352,0.5265819430351257,0.3637099862098694
0.2633551657199859,0.1703037917613983,0.5622712969779968
0.4247493743896484,0.3359447121620178,0.2468510270118713
7.31068041659455e-07,-0.0543089658021926,-0.0773563832044601
-0.0954048931598663,-0.1102776080369949,-0.0181916542351245
-0.04550277069211,-0.073775365948677,-0.0969057604670524
-0.0195928644388914,-0.0390517711639404,-0.0640548095107078
-0.0864365473389625,-0.031218571588397,-0.0550473779439926
-0.0750075727701187,-0.0925392135977745,-0.0493484809994697
-0.074101947247982,-0.0872988775372505,-0.0984942615032196
0.7641398906707764,0.6383445858955383,0.5542619228363037
0.5324805974960327,0.527430534362793,0.6178482174873352
0.6051374673843384,0.6040340662002563,0.6083009839057922
0.6908321380615234,0.6880133152008057,0.692816436290741
0.6969304084777832,0.7542668581008911,0.7597630023956299
0.7652432918548584,0.7676151990890503,0.8202519416809082
0.8271774053573608,0.8329358100891113,0.8346477746963501
0.940588116645813,0.9033082127571106,0.7876785397529602
0.6533170938491821,0.5304255485534668,0.5467534065246582
0.3887197077274322,0.2949382066726684,0.204945683479309
0.5178146362304688,0.3391256630420685,0.2320729196071624
0.1367955505847931,0.5277524590492249,0.3622475862503052
0.2604983448982239,0.1667684912681579,0.5628257393836975
0.4256772696971893,0.3363862931728363,0.247367650270462
7.842789955248008e-07,-0.0555115938186645,-0.0805279091000557
-0.100269079208374,-0.1169367358088493,-0.0230116341263055
-0.0515710040926933,-0.0803295448422432,-0.1033881157636642
-0.0237404257059097,-0.0436029657721519,-0.067689836025238
-0.0892495661973953,-0.0345694869756698,-0.058328166604042
-0.0771065354347229,-0.0937389284372329,-0.0519755482673645
-0.0764593034982681,-0.0888735949993133,-0.0993682742118835
0.7615392804145813,0.6372244954109192,0.5541248917579651
0.5310600399971008,0.5256940722465515,0.617828905582428
0.6072297692298889,0.6054547429084778,0.6079304218292236
0.6902734041213989,0.6885947585105896,0.6928901076316833
0.6958422064781189,0.7534590363502502,0.7586415410041809
0.7638165950775146,0.7653494477272034,0.818841814994812
0.8253335356712341,0.8308567404747009,0.8321613073348999
0.9457224607467652,0.9049323797225952,0.7858669757843018
0.6523767113685608,0.5294829607009888,0.5492231249809265
0.3916302919387817,0.2975381016731262,0.2069835364818573
0.5212597846984863,0.3440623879432678,0.236459344625473
0.1397635340690612,0.5321300029754639,0.3673691749572754
0.2653006911277771,0.1710093319416046,0.5682903528213501
0.4310055375099182,0.3415417671203613,0.2526939809322357
7.597760713906609e-07,-0.0536618717014789,-0.0778505802154541
-0.0970847383141517,-0.1133576706051826,-0.0214043781161308
-0.049516275525093,-0.0781979486346244,-0.1013988628983497
-0.023102706298232,-0.0432208813726902,-0.0679404661059379
-0.0899896696209907,-0.0346291027963161,-0.0585986338555812
-0.0778398737311363,-0.0948303267359733,-0.0524920374155044
-0.0769028440117836,-0.0892296358942985,-0.0997501537203788
0.763955295085907,0.6410343050956726,0.5570801496505737
0.5332391858100891,0.5272864699363708,0.6192310452461243
0.6094162464141846,0.6083295345306396,0.6111670136451721
0.6910648941993713,0.688932478427887,0.6935210824012756
0.6968432664871216,0.7537655830383301,0.7583295106887817
0.7628315687179565,0.7641483545303345,0.8196309804916382
0.8251461982727051,0.8303205966949463,0.8316586017608643
0.94226336479187,0.9028632640838624,0.7878947854042053
0.6547329425811768,0.5323216319084167,0.5507166981697083
0.3929724991321563,0.2991451323032379,0.2092319726943969
0.5242679119110107,0.3484684824943542,0.2431527972221374
0.1491254568099975,0.5351352691650391,0.3721815645694732
0.271810919046402,0.1787836551666259,0.5704042911529541
0.4339646995067596,0.3452695608139038,0.256605863571167
7.29800433418859e-07,-0.0527422353625297,-0.0761772319674491
-0.0947838947176933,-0.1103409975767135,-0.0194420237094163
-0.0465879552066326,-0.0745247974991798,-0.0973096415400505
-0.021063856780529,-0.0404324121773242,-0.0642869099974632
-0.08571457862854,-0.0325777865946292,-0.0558947958052158
-0.0744073316454887,-0.0908655598759651,-0.0504185408353805
-0.0747041329741478,-0.087098091840744,-0.0975586846470832
0.7627257108688354,0.6386178135871887,0.556719183921814
0.5355691313743591,0.5304082036018372,0.621109664440155
0.6128082275390625,0.6117345690727234,0.6130965948104858
0.6930304169654846,0.6921595335006714,0.6950674653053284
0.6952716112136841,0.7554078102111816,0.7607354521751404
0.7635430693626404,0.7620974779129028,0.8206599950790405
0.8273983001708984,0.8315940499305725,0.8311704993247986
0.9490578174591064,0.9064344167709352,0.7875925302505493
0.653937816619873,0.5347243547439575,0.5540019869804382
0.3979239463806152,0.3051781356334686,0.2161902487277984
0.5273400545120239,0.3549169301986694,0.2508878707885742
0.1586966514587402,0.5378767848014832,0.3766317069530487
0.277743250131607,0.186457872390747,0.5733273029327393
0.4374104142189026,0.3489502072334289,0.2608886659145355
6.925118327671953e-07,-0.0463129207491874,-0.0660102069377899
-0.0821119770407676,-0.0953609868884086,-0.0117948548868298
-0.0359524190425872,-0.0623824372887611,-0.0843450278043747
-0.0158843640238046,-0.0325471200048923,-0.0551679022610187
-0.0758881494402885,-0.0293066576123237,-0.0497956536710262
-0.0664539113640785,-0.0819419473409652,-0.0487015731632709
-0.0705267116427421,-0.0811193287372589,-0.0903801545500755
0.9791666269302368,0.844542920589447,0.7427354454994202
0.6908549666404724,0.6434004306793213,0.7563599944114685
0.6990730166435242,0.6727294325828552,0.6639559864997864
0.8236509561538696,0.7729372978210449,0.7544453740119934
0.7553850412368774,0.881726086139679,0.8458062410354614
0.8329944014549255,0.8374857902526855,0.935593843460083
0.902449667453766,0.89569091796875,0.9035679697990416
0.9343953132629396,0.8824946880340576,0.7307333946228027
0.5526832342147827,0.3759498596191406,0.5819806456565857
0.445818692445755,0.4129605889320373,0.4002056121826172
0.5613454580307007,0.4158499836921692,0.3852483332157135
0.3575711250305176,0.5584433078765869,0.4179846346378326
0.4082145094871521,0.393268346786499,0.5524019598960876
0.4417572021484375,0.4154187440872192,0.3906366527080536
6.33032414043555e-07,-0.095289297401905,-0.1232983693480491
-0.1400145590305328,-0.1520865261554718,0.0391107536852359
0.0583056956529617,0.0595281459391117,0.0607322864234447
0.0888052284717559,0.1303787231445312,0.1346378773450851
0.133010983467102,0.1218077167868614,0.1480283737182617
0.1407462954521179,0.1303898990154266,0.14556585252285
0.1640461832284927,0.1624599695205688,0.1577811390161514
0.769794225692749,0.6515679955482483,0.5662927627563477
0.5401915907859802,0.5376293659210205,0.6324679851531982
0.6220031976699829,0.6183034181594849,0.6167906522750854
0.6979323029518127,0.6916717290878296,0.6891663074493408
0.6867778301239014,0.7593944072723389,0.7623084783554077
0.7621657252311707,0.7608628273010254,0.8247963786125183
0.8264529705047607,0.8284754157066345,0.8288539052009583
0.964624047279358,0.9082563519477844,0.7855803370475769
0.6464579701423645,0.535006582736969,0.555475115776062
0.4038591384887695,0.3153434991836548,0.2293235063552856
0.5290087461471558,0.3619090318679809,0.2589072585105896
0.1654965281486511,0.5385329723358154,0.3808652758598327
0.2852094769477844,0.1987041532993316,0.5681577920913696
0.4345341920852661,0.3504542708396911,0.2665773630142212
1.045956651068991e-06,-0.0441459976136684,-0.0587316080927848
-0.0705781057476997,-0.0811642110347747,-0.0027007209137082
-0.0221849083900451,-0.0461854711174964,-0.0666986927390098
-0.0046639218926429,-0.0176193360239267,-0.038992166519165
-0.058899886906147,-0.0163300186395645,-0.0358636006712913
-0.0515380948781967,-0.0648716986179351,-0.0338934957981109
-0.0534667484462261,-0.0623819828033447,-0.0698770359158515
0.7587305903434753,0.6362406015396118,0.5577200055122375
0.53798907995224,0.524817943572998,0.6236900687217712
0.6116604804992676,0.6071816682815552,0.6055989265441895
0.6942462921142578,0.6875230073928833,0.6847232580184937
0.6784165501594543,0.755066454410553,0.7568822503089905
0.7563637495040894,0.7515978217124939,0.8204782009124756
0.8248422741889954,0.8277122974395752,0.8258662819862366
0.9578686952590942,0.9149478673934937,0.796087384223938
0.6630607843399048,0.5477291345596313,0.5640994906425476
0.4147113561630249,0.3258702754974365,0.2392278611660003
0.5385996103286743,0.3718101978302002,0.2727145254611969
0.1817327141761779,0.5490384101867676,0.394266664981842
0.2978790700435638,0.2083944380283355,0.5833200812339783
0.4494418501853943,0.3629320859909057,0.2764704525470733
5.907018589823565e-07,-0.0479038320481777,-0.0660648718476295
-0.0806495919823646,-0.0925814881920814,-0.0066224844194948
-0.0298428628593683,-0.0571318417787551,-0.0803338587284088
-0.0098971426486969,-0.0266685932874679,-0.052127368748188
-0.0755369514226913,-0.0230928417295217,-0.0446502827107906
-0.0645581111311912,-0.0824674293398857,-0.0424820780754089
-0.0652357041835784,-0.078131265938282,-0.0896503031253814
0.7765892148017883,0.6532332897186279,0.568763017654419
0.5443098545074463,0.5362200140953064,0.6305001378059387
0.6210222840309143,0.6188287734985352,0.6185715198516846
0.7020346522331238,0.6975070834159851,0.6969912648200989
0.6926945447921753,0.763552188873291,0.7676408290863037
0.7671673893928528,0.7623440027236938,0.8282070755958557
0.833742082118988,0.8365170955657959,0.8350528478622437
0.9603878259658812,0.92132306098938,0.8041326999664307
0.669325590133667,0.5507848262786865,0.5714297294616699
0.4193159937858581,0.329899787902832,0.2429463267326355
0.5431377291679382,0.3753309845924377,0.2759101390838623
0.1874394714832306,0.5523633360862732,0.3958514332771301
0.300750583410263,0.2139525413513183,0.586056649684906
0.4528408050537109,0.3651882708072662,0.2768192887306213
6.141364679024264e-07,-0.0468540824949741,-0.0652371570467948
-0.0798140242695808,-0.0910254493355751,-0.0077570443972945
-0.0291782934218645,-0.054475337266922,-0.0763338580727577
-0.0106632122769951,-0.0257796235382556,-0.0485730841755867
-0.0697995796799659,-0.0230285767465829,-0.0424330569803714
-0.0598778128623962,-0.0761064067482948,-0.0414194911718368
-0.0630174875259399,-0.0750460922718048,-0.0855713784694671
0.7789121270179749,0.6545616388320923,0.5710590481758118
0.5482124090194702,0.5437647700309753,0.6387096643447876
0.6296882629394531,0.6264179348945618,0.6248700618743896
0.7086688280105591,0.7054980993270874,0.7050067782402039
0.7010416388511658,0.7691304087638855,0.7749955058097839
0.7750003337860107,0.7705779075622559,0.83333420753479
0.8399340510368347,0.8429328799247742,0.8413284420967102
0.9652563333511353,0.9246878027915956,0.8076136708259583
0.6733381748199463,0.5528979301452637,0.5722087621688843
0.4202356338500976,0.3298994898796081,0.2422399818897247
0.5453320741653442,0.3788871467113495,0.278277188539505
0.1887958347797393,0.5558834671974182,0.39964759349823
0.304366260766983,0.2168159484863281,0.5903395414352417
0.456286609172821,0.3674562275409698,0.2778335511684418
6.559455414389959e-07,-0.0465572029352188,-0.0654781460762023
-0.0810756385326385,-0.0934743583202362,-0.0059367851354181
-0.0282309371978044,-0.054435558617115,-0.0768337994813919
-0.0095157204195857,-0.0251423381268978,-0.0483815819025039
-0.0699270889163017,-0.022789541631937,-0.0428079888224601
-0.0593510046601295,-0.0748548358678817,-0.0422655865550041
-0.0647685229778289,-0.0763448625802993,-0.0863196924328804
0.7866511940956116,0.6662932634353638,0.5819815993309021
0.5585745573043823,0.55811607837677,0.6463427543640137
0.6380064487457275,0.6350196599960327,0.6338266134262085
0.7168636918067932,0.7146861553192139,0.7147097587585449
0.7120816707611084,0.7789748311042786,0.7837287187576294
0.7841725945472717,0.7807042002677917,0.8427442908287048
0.8485069274902344,0.8507479429244995,0.8491807579994202
0.9648606777191162,0.9215210676193236,0.8011744618415833
0.6685610413551331,0.5513215661048889,0.569075345993042
0.4183219373226166,0.327850192785263,0.2416971623897552
0.5432965159416199,0.3774714469909668,0.2762798070907593
0.1866969466209411,0.5545611381530762,0.3978700637817383
0.3023759126663208,0.2151937186717987,0.5908347368240356
0.4560233950614929,0.3662297427654266,0.2765876650810241
6.457063363995985e-07,-0.0446422919631004,-0.0632562711834907
-0.0789037942886352,-0.0915652960538864,-0.0072130002081394
-0.0303258877247571,-0.0565285570919513,-0.0784228295087814
-0.0110502559691667,-0.0279025696218013,-0.0508304089307785
-0.0712726935744285,-0.0240729544311761,-0.0444653891026973
-0.0606464147567749,-0.0751643851399421,-0.0429673306643962
-0.0648220106959343,-0.0755187571048736,-0.084400437772274
0.7884764671325684,0.6607818007469177,0.5767627358436584
0.5552639961242676,0.5486099720001221,0.642882764339447
0.6314399838447571,0.6280099153518677,0.6272133588790894
0.7137508988380432,0.7074717283248901,0.7060369253158569
0.7015963196754456,0.7754367589950562,0.7777383327484131
0.7777416706085205,0.7735723853111267,0.8401514887809753
0.8426252603530884,0.8440621495246887,0.8412086963653564
0.9660301208496094,0.9262053966522216,0.8056268095970154
0.6711151599884033,0.5518667101860046,0.5698086023330688
0.4222013354301452,0.3347408473491668,0.249703049659729
0.5435150265693665,0.3789449334144592,0.2783228754997253
0.1896933913230896,0.5546219944953918,0.4009585380554199
0.3049558997154236,0.217837244272232,0.5891660451889038
0.4545076191425323,0.36737921833992,0.2806324064731598
6.50665526791272e-07,-0.0488328449428081,-0.0679122954607009
-0.0830217152833938,-0.0947667583823204,-0.0053731864318251
-0.0282625090330839,-0.0552223697304725,-0.0777301043272018
-0.0077918516471982,-0.0236888192594051,-0.0471078567206859
-0.0683085694909095,-0.0205261223018169,-0.0414514876902103
-0.0592524334788322,-0.0749697610735893,-0.0396080687642097
-0.0626426413655281,-0.0748605653643608,-0.0849289745092392
0.793028712272644,0.6685139536857605,0.5820269584655762
0.557070791721344,0.5522047877311707,0.6438551545143127
0.6328415870666504,0.6289539337158203,0.6266737580299377
0.7156559824943542,0.710007905960083,0.7075082063674927
0.7022192478179932,0.7787728309631348,0.7804423570632935
0.77849942445755,0.7725688815116882,0.8450623154640198
0.8473336696624756,0.8473218083381653,0.8428643941879272
0.9613325595855712,0.9226232171058656,0.8066866993904114
0.673342227935791,0.5531150102615356,0.5696191787719727
0.4202500283718109,0.3304130434989929,0.2436945736408233
0.5410186648368835,0.374858021736145,0.275478720664978
0.1872068345546722,0.5505027770996094,0.3935534954071045
0.2992010414600372,0.2126518487930297,0.5847634673118591
0.4496098160743713,0.361073225736618,0.2722557485103607
6.472179165939451e-07,-0.0492189116775989,-0.0697667002677917
-0.0861785858869552,-0.0994793251156807,-0.0111586432904005
-0.0360580384731292,-0.0639523714780807,-0.0870023891329765
-0.013105989433825,-0.0304262638092041,-0.0540025122463703
-0.0752493143081665,-0.0247512869536876,-0.0459659062325954
-0.0627122446894645,-0.0777315497398376,-0.042637787759304
-0.0655735582113266,-0.0769309401512146,-0.0862470716238021
1.006417989730835,0.8443533778190613,0.7237175703048706
0.675070583820343,0.6342762112617493,0.7744541764259338
0.7435131669044495,0.7310459017753601,0.7288856506347656
0.8409891128540039,0.808565616607666,0.7880913019180298
0.7831943035125732,0.8966658711433411,0.8746809363365173
0.855591893196106,0.8507667779922485,0.9551407694816588
0.9323357343673706,0.9224621057510376,0.9227533340454102
0.883015513420105,0.8815045952796936,0.7432699799537659
0.5765611529350281,0.415355920791626,0.5168587565422058
0.3651174008846283,0.2835484445095062,0.2238612174987793
0.4710929691791534,0.3036399185657501,0.2071518003940582
0.1276009976863861,0.4554623961448669,0.2967439591884613
0.2242710590362548,0.1580078899860382,0.4522358179092407
0.3232928216457367,0.2656446397304535,0.208376795053482
9.498854751655016e-07,-0.0848210752010345,-0.104329913854599
-0.1141583025455474,-0.1169730126857757,0.0312010310590267
0.035504225641489,0.0219802819192409,0.0103243021294474
0.0625635161995887,0.0841238275170326,0.0763160586357116
0.0654539167881012,0.0774105042219162,0.0863119959831237
0.0809301510453224,0.0724971964955329,0.081608660519123
0.0834001004695892,0.082444854080677,0.0792687237262725
0.9954944252967834,0.8383329510688782,0.7340241074562073
0.6946415305137634,0.6450754404067993,0.7967875003814697
0.7723573446273804,0.7566343545913696,0.746888279914856
0.8856339454650879,0.8606587648391724,0.8382312655448914
0.8211881518363953,0.965546727180481,0.9509873390197754
0.9357901811599731,0.9241414070129395,1.0459082126617432
1.0391976833343506,1.0346955060958862,1.0291154384613037
0.8640176653862,0.8702911734580994,0.7441417574882507
0.5785204172134399,0.43815702199935913,0.4292508363723755
0.2310778796672821,0.09039807319641113,-0.02027761936187744
0.37179073691368103,0.1662825345993042,0.030165255069732666
-0.07647567987442017,0.3605879545211792,0.16516736149787903
0.050824880599975586,-0.05019676685333252,0.37363624572753906
0.2203717827796936,0.131596177816391,0.04281884431838989
1.5024157846710295e-06,-0.11250805109739304,-0.14457805454730988
-0.1568794846534729,-0.16347911953926086,-0.0541575625538826
-0.07460082322359085,-0.1016973927617073,-0.12130182236433029
-0.015004531480371952,-0.019571997225284576,-0.03877563029527664
-0.05605566129088402,0.01022233534604311,-0.0016996957128867507
-0.018030181527137756,-0.03220444172620773,0.024240145459771156
0.009642054326832294,0.0019299134146422148,-0.0036677278112620115
